Model,Accuracy,Kappa
KNN,0.97,0.936
SVM,0.8842676,0.68571733
Random Forest,0.899638336,0.738692334
Decision Tree,0.849909584,0.637724799
XGBoost,0.902307,0.760353346
